dip saha,mr. saha,ms. saha,0001,dhaka,20171001
redown redoy,mr. redoy,ms. redoy,0002,dhaka,20171002
mahdee hasan,mr. hasan,ms. hasan,0010,vola,20171010
yasin sajid,mr. sajid,ms. sajid,0006,gazipur,20171006
md. arman hossain,mr. hossain,ms. hossain,0029,bogura,20171029
Shezan Al Mahmud,mr. mahmud,ms. mahmud,0023,Savar,20171023
Eashaque rahman sami,mr. rahman,ms. rahman,003,Mirpur,20171033
Mohibul Alam Purbo,mr. Alam,ms. Alam,0004,Dhamrai,20171004
Sadman Sakib,mr. sakib,ms. sakib,0005,Dhaka,20171005
Ahmed Ryan,mr. ryan,ms. ryan,0011,Gulshan,20171011
